{
  "name": "capture_device_security_events_from_vmware_ws1",
  "title": "Capture Device Security Events from VMware Workspace ONE",
  "description": "This template listens to VMware Workspace One security events to capture when a device is compromised or out of compliance. This information can be used by Okta to determine which systems a user can access and their security level.",
  "connectors": [
    "okta"
  ],
  "details": {
    "flos": [
      {
        "id": "e687bb19-dac8-47e7-a68f-8741446ad37c",
        "name": "Util.AuthenticateWebhook",
        "type": "HELPER",
        "screenshotURL": "https://d78vv2h34ll3s.cloudfront.net/static/catalog/workflows/capture_device_security_events_from_vmware_ws1/resources/3yw4Ow8JDwCuoTFU2OWX13zM2lvxQZb-YMYOyTd5iak.png"
      },
      {
        "id": "c4d800a7-30fc-4132-bb35-463cf0d4fb98",
        "name": "WorkspaceOne.SecurityEvent",
        "type": "MAIN",
        "screenshotURL": "https://d78vv2h34ll3s.cloudfront.net/static/catalog/workflows/capture_device_security_events_from_vmware_ws1/resources/XkrKC-8N-XgkaSmuBy7qPYnGk7UOIwgO0f8YTAvUNgQ.png"
      }
    ],
    "flowCount": 2,
    "helperFlowsCount": 1,
    "mainFlowsCount": 1,
    "stashCount": 1
  },
  "links": [
    {
      "destination": "https://github.com/okta/workflows-templates/blob/master/workflows/capture_device_security_events_from_vmware_ws1/readme.md",
      "title": "Setup Documentation"
    }
  ]
}
