{
  "name": "automate_lifecycle_management_with_darwinbox",
  "title": "Automate lifecycle management with Darwinbox",
  "description": "These flows outline how Okta Workflows can be used to automate user creation, updates, and deactivation processes, including the automatic update of email IDs in Darwinbox.",
  "connectors": [
    "okta",
    "darwinbox"
  ],
  "details": {
    "stashCount": 3,
    "flowCount": 19,
    "flos": [
      {
        "id": "d6eefc26-4006-48ee-b017-a496259d9ca7",
        "name": "Email Duplicity Check",
        "type": "HELPER",
        "screenshotURL": "https://d78vv2h34ll3s.cloudfront.net/static/catalog/workflows/automate_lifecycle_management_with_darwinbox/resources/a4a2dae1a7d07e4644e847e4cc404024f3ff.png"
      },
      {
        "id": "c2051c36-7954-4cd4-bb94-60ee7c9c8524",
        "name": "Find Highest Login Increment",
        "type": "HELPER",
        "screenshotURL": "https://d78vv2h34ll3s.cloudfront.net/static/catalog/workflows/automate_lifecycle_management_with_darwinbox/resources/0feb10f82832f26f03f03f03f03f01f01fc5.png"
      },
      {
        "id": "35154625-90d9-4083-9057-7571b857e082",
        "name": "Filter Matching Logins By Domain",
        "type": "HELPER",
        "screenshotURL": "https://d78vv2h34ll3s.cloudfront.net/static/catalog/workflows/automate_lifecycle_management_with_darwinbox/resources/554d54d545547dc41c41c70c7dcbc43c7fcf.png"
      },
      {
        "id": "e459a5f4-a1e6-4daf-a4bf-be29ee2597ed",
        "name": "Generate Unique Username By Numeric Increment",
        "type": "HELPER",
        "screenshotURL": "https://d78vv2h34ll3s.cloudfront.net/static/catalog/workflows/automate_lifecycle_management_with_darwinbox/resources/514b4cf0e40a9eafa2f02f0bf0bf0ff4ff5f.png"
      },
      {
        "id": "4e57acb8-50c0-4a54-b90b-58525d32c286",
        "name": "Delete Logs - User Deactivation",
        "type": "HELPER",
        "screenshotURL": "https://d78vv2h34ll3s.cloudfront.net/static/catalog/workflows/automate_lifecycle_management_with_darwinbox/resources/b30b307b17307307f03f07f03606006f0ff9.png"
      },
      {
        "id": "051571d5-8f83-48e0-9b14-9f470ea3fe15",
        "name": "Transformation For Update Schema",
        "type": "HELPER",
        "screenshotURL": "https://d78vv2h34ll3s.cloudfront.net/static/catalog/workflows/automate_lifecycle_management_with_darwinbox/resources/4aceac5a47ac4ac7a000839f39f18f18f58f.png"
      },
      {
        "id": "7a71b6cd-2d38-4304-aba9-63595215c62f",
        "name": "Iteration For Deactivation",
        "type": "HELPER",
        "screenshotURL": "https://d78vv2h34ll3s.cloudfront.net/static/catalog/workflows/automate_lifecycle_management_with_darwinbox/resources/9fec0cc0a86ec0ec17c07c07d87f03c03d7b.png"
      },
      {
        "id": "6ceb36fa-f7e7-4e86-b60a-d84433a38d77",
        "name": "Transformation For Deactivation Schema",
        "type": "HELPER",
        "screenshotURL": "https://d78vv2h34ll3s.cloudfront.net/static/catalog/workflows/automate_lifecycle_management_with_darwinbox/resources/338bb07b03b0ff07107907a07f02f02f96ff.png"
      },
      {
        "id": "e2c2410d-db2c-45d9-b53e-375026c444ce",
        "name": "Delete Target Import Session",
        "type": "HELPER",
        "screenshotURL": "https://d78vv2h34ll3s.cloudfront.net/static/catalog/workflows/automate_lifecycle_management_with_darwinbox/resources/e1ce08f457403d87d87d87c07c03c01c05ff.png"
      },
      {
        "id": "04b23f64-7138-4987-9007-e6aabcaba45c",
        "name": "Delete Logs - User Creation",
        "type": "HELPER",
        "screenshotURL": "https://d78vv2h34ll3s.cloudfront.net/static/catalog/workflows/automate_lifecycle_management_with_darwinbox/resources/f30b307b07307307f03f07f03606f00f9ff9.png"
      },
      {
        "id": "c644cadc-ed84-4e54-9a1f-056e0506fb22",
        "name": "Transformation For Creation Schema",
        "type": "HELPER",
        "screenshotURL": "https://d78vv2h34ll3s.cloudfront.net/static/catalog/workflows/automate_lifecycle_management_with_darwinbox/resources/258ff86486e86f864824027f23f21f41f49f.png"
      },
      {
        "id": "8b41ea83-c40b-4cee-8032-ba4f11d66298",
        "name": "User Creation",
        "type": "MAIN",
        "screenshotURL": "https://d78vv2h34ll3s.cloudfront.net/static/catalog/workflows/automate_lifecycle_management_with_darwinbox/resources/03eb84fc47c1b01fc1f81f81f81f81f81f80.png"
      },
      {
        "id": "881d625b-c9ce-4bba-a46d-42bff75b834c",
        "name": "User Deactivation",
        "type": "MAIN",
        "screenshotURL": "https://d78vv2h34ll3s.cloudfront.net/static/catalog/workflows/automate_lifecycle_management_with_darwinbox/resources/bfcc04c8ab46c0ec47403c03dfff03c03dff.png"
      },
      {
        "id": "bfa999ba-8ae3-4590-a2ff-c00d34aa2d48",
        "name": "User Update",
        "type": "MAIN",
        "screenshotURL": "https://d78vv2h34ll3s.cloudfront.net/static/catalog/workflows/automate_lifecycle_management_with_darwinbox/resources/80cd0cfeae1ac4e88e902c8fcefce9fe1ffd.png"
      },
      {
        "id": "9ba404d3-1fe4-4c13-a64e-d3a81ab94993",
        "name": "User Deactivation Repush (in case of import failures)",
        "type": "MAIN",
        "screenshotURL": "https://d78vv2h34ll3s.cloudfront.net/static/catalog/workflows/automate_lifecycle_management_with_darwinbox/resources/a1cc0cddac1ac469c78c38c39d39f3fc3fc3.png"
      },
      {
        "id": "496745c9-82b6-42eb-b9aa-2e1a2d11357e",
        "name": "Delete Import Session",
        "type": "MAIN",
        "screenshotURL": "https://d78vv2h34ll3s.cloudfront.net/static/catalog/workflows/automate_lifecycle_management_with_darwinbox/resources/259e19e19fc86c06d82787c83c51d75ff1ff.png"
      },
      {
        "id": "70186bc7-d7ab-45a0-8cd4-7aa1210f3457",
        "name": "Update Email ID",
        "type": "MAIN",
        "screenshotURL": "https://d78vv2h34ll3s.cloudfront.net/static/catalog/workflows/automate_lifecycle_management_with_darwinbox/resources/4ac21c7bc6b449c69c40d40f78f18f5ff1ff.png"
      },
      {
        "id": "f9095feb-5d5d-43ff-af9e-8226e863e60f",
        "name": "User Creation Repush (in case of import failures)",
        "type": "MAIN",
        "screenshotURL": "https://d78vv2h34ll3s.cloudfront.net/static/catalog/workflows/automate_lifecycle_management_with_darwinbox/resources/b7c884b8ac0ef82b83903b83ba3f61f01f41.png"
      },
      {
        "id": "0feb447d-318b-4c70-85ab-65385df80339",
        "name": "User Update Repush (in case of import failures)",
        "type": "MAIN",
        "screenshotURL": "https://d78vv2h34ll3s.cloudfront.net/static/catalog/workflows/automate_lifecycle_management_with_darwinbox/resources/80cd0cfeae1ac4e88e902c8fcefce9fe1fed.png"
      }
    ],
    "helperFlowsCount": 11,
    "mainFlowsCount": 8
  },
  "links": [
    {
      "destination": "https://marketplace.darwinbox.com/en-US/apps/435602/okta/resources",
      "title": "Setup Documentation"
    }
  ]
}
