{
  "name": "audit_okta_admin_roles_and_last_login_to_admin_con",
  "title": "Audit Okta Admin Roles and Last Login to Admin Console",
  "description": "Periodically auditing admin access to your Okta org can help to ensure that users are assigned to the correct admin roles and to identify users who may no longer need admin access based on inactivity. This template identifies all admin users (users who are assigned to the Okta Admin Console application) and writes their information--including admin role assigned and last login to the Okta Admin Console--to a table. ",
  "connectors": [
    "okta"
  ],
  "details": {
    "flos": [
      {
        "id": "78ffa8b8-ec73-43f3-8b22-85a28992a8b1",
        "name": "2 - write Administrator role and last login to audit table",
        "type": "HELPER",
        "screenshotURL": "https://d78vv2h34ll3s.cloudfront.net/static/catalog/workflows/audit_okta_admin_roles_and_last_login_to_admin_con/resources/ojHhjIVbtgRWsI8lSLqN9xkU0cFwW_tbtTXaf0awzzI.png"
      },
      {
        "id": "2c3dd5a6-3cee-4b26-992f-a0313b789638",
        "name": "1 - Identify all Okta Administrators",
        "type": "MAIN",
        "screenshotURL": "https://d78vv2h34ll3s.cloudfront.net/static/catalog/workflows/audit_okta_admin_roles_and_last_login_to_admin_con/resources/TuTMYiO3Qjd42yFTVbM-Gv6wrXFKhE-OWgDTzovLWF8.png"
      }
    ],
    "flowCount": 2,
    "helperFlowsCount": 1,
    "mainFlowsCount": 1,
    "stashCount": 1
  },
  "links": [
    {
      "destination": "https://github.com/okta/workflows-templates/blob/master/workflows/audit_okta_admin_roles_and_last_login_to_admin_con/readme.md",
      "title": "Setup Documentation"
    }
  ]
}
