{
  "name": "capture_document_signatures_in_docusign",
  "title": "Capture Document Signatures in DocuSign",
  "description": "Many organizations use DocuSign to control agreements – such as Non-Disclosure Agreements (NDAs), Lease Contracts, and Terms of Service (TOS) – that dictate which resources users can access. This template leverages DocuSign webhooks to capture when a user signs a document. This information can be used by Okta to populate an attribute which can in turn be used to manage group and application access.",
  "connectors": [
    "okta"
  ],
  "details": {
    "flos": [
      {
        "id": "0d39bee9-d475-4034-ab04-95d1efa0332f",
        "name": "Util.AuthenticateWebhook",
        "type": "HELPER",
        "screenshotURL": "https://d78vv2h34ll3s.cloudfront.net/static/catalog/workflows/capture_document_signatures_in_docusign/resources/NBQEve1fl2iDphdqxj_njYncfHOBQES9X_UMvm86Pjg.png"
      },
      {
        "id": "0d9904bc-cb7e-47f2-a889-3e70a5cb5f08",
        "name": "Docusign.ContractSignedWebhook",
        "type": "MAIN",
        "screenshotURL": "https://d78vv2h34ll3s.cloudfront.net/static/catalog/workflows/capture_document_signatures_in_docusign/resources/9qZjYKJCVnr4r7fHAg66ScVKQZ3je7MLAtOF9qEdF2g.png"
      }
    ],
    "flowCount": 2,
    "helperFlowsCount": 1,
    "mainFlowsCount": 1,
    "stashCount": 1
  },
  "links": [
    {
      "destination": "https://github.com/okta/workflows-templates/blob/master/workflows/capture_document_signatures_in_docusign/readme.md",
      "title": "Setup Documentation"
    }
  ]
}
