{
  "name": "automate_account_creation_from_jira",
  "title": "Automate Account Creation from JIRA",
  "description": " Onboarding new employees is a complex process that requires inputs from several internal teams and integration across different tools for approval and account creation. In addition, certain businesses may require new employees to complete an orientation or pass a certification before activating a user account.  This complexity adds overhead for IT Admins - keeping track of approvals and then activating each user account on a specific date. How can this process get automated, reduce human error and enhance security posture? This template provides an example for automating account creation and activation in Okta triggered by approved service requests in JIRA.",
  "connectors": [
    "okta",
    "jira2"
  ],
  "details": {
    "flos": [
      {
        "id": "9ad7beb7-1a02-4525-a02b-c7b7446ddd2f",
        "name": "Create and activate new employee accounts",
        "type": "HELPER",
        "screenshotURL": "https://d78vv2h34ll3s.cloudfront.net/static/catalog/workflows/automate_account_creation_from_jira/resources/102dcef8e60065e7dc64c24ffcffcffcffcf.png"
      },
      {
        "id": "5fb00f88-0ad2-48f4-a46b-2d130ef5312c",
        "name": "Find employees starting now",
        "type": "MAIN",
        "screenshotURL": "https://d78vv2h34ll3s.cloudfront.net/static/catalog/workflows/automate_account_creation_from_jira/resources/426dfcc60410fb8fb0f90f90f90f91f91f9f.png"
      },
      {
        "id": "0287b392-9366-41cd-9cc8-e572402a81e5",
        "name": "Store new employees from Jira",
        "type": "MAIN",
        "screenshotURL": "https://d78vv2h34ll3s.cloudfront.net/static/catalog/workflows/automate_account_creation_from_jira/resources/c0caac2fc28cee466c6607e43e85e01fc1ff.png"
      }
    ],
    "flowCount": 3,
    "helperFlowsCount": 1,
    "mainFlowsCount": 2,
    "stashCount": 1
  },
  "links": [
    {
      "destination": "https://github.com/okta/workflows-templates/blob/master/workflows/automate_account_creation_from_jira/readme.md",
      "title": "Setup Documentation"
    },
    {
      "title": "Video Walk-through",
      "destination": "https://www.youtube.com/watch?v=yqBiQkS5Nk8"
    }
  ]
}
